{
  "locations": {
    "germany1": {
      "rxMBps": 0.06982557317043872,
      "txMBps": 0.06433623902341153,
      "timestamp": 1776066106845
    },
    "netherlands1": {
      "rxMBps": 0.01768897710763369,
      "txMBps": 0.017162330612213075,
      "timestamp": 1776066105752
    },
    "cmntcblz500021ichzmf6ilyp": {
      "rxMBps": 0.0024784148846127944,
      "txMBps": 0.00008474294323503813,
      "timestamp": 1776066106957
    }
  },
  "totalRxMBps": 0.0899929651626852,
  "totalTxMBps": 0.08158331257885965,
  "timestamp": 1776066106957
}