{
  "locations": {
    "germany1": {
      "rxMBps": 1.005123237411895,
      "txMBps": 0.9827084011501737,
      "timestamp": 1776069652543
    },
    "netherlands1": {
      "rxMBps": 0.1512617566786999,
      "txMBps": 0.15390514137740147,
      "timestamp": 1776069652644
    },
    "cmntcblz500021ichzmf6ilyp": {
      "rxMBps": 0.0017371174509191482,
      "txMBps": 0.00008479917611044293,
      "timestamp": 1776069653140
    }
  },
  "totalRxMBps": 1.158122111541514,
  "totalTxMBps": 1.1366983417036856,
  "timestamp": 1776069653140
}