{
  "locations": {
    "germany1": {
      "rxMBps": 0.07973364489283152,
      "txMBps": 0.07291008295096006,
      "timestamp": 1776065900970
    },
    "netherlands1": {
      "rxMBps": 0.017564877689122835,
      "txMBps": 0.017383285908502206,
      "timestamp": 1776065899875
    },
    "cmntcblz500021ichzmf6ilyp": {
      "rxMBps": 0.0020540677584134615,
      "txMBps": 0.00034909033332642574,
      "timestamp": 1776065900386
    }
  },
  "totalRxMBps": 0.09935259034036782,
  "totalTxMBps": 0.0906424591927887,
  "timestamp": 1776065900970
}