{
  "locations": {
    "germany1": {
      "rxMBps": 0.17295469873371316,
      "txMBps": 0.18136984486120486,
      "timestamp": 1775423650944
    },
    "netherlands1": {
      "rxMBps": 0.015258154126204123,
      "txMBps": 0.016804224006662993,
      "timestamp": 1775423651415
    }
  },
  "totalRxMBps": 0.1882128528599173,
  "totalTxMBps": 0.19817406886786784,
  "timestamp": 1775423651415
}